INSERT INTO SLUZBASMESTAJA (ID_SS, RAD_VREME) VALUES (1, 'Svakim radnim danom od 8 do 14 h. Vikendom ne radimo.'); 

INSERT INTO RADNIK (SIFRA_RAD,JMBG_RAD,IME_RAD,PREZ_RAD, DAT_RODJ_RAD, ID_SS, ZAN) VALUES (100,8239274227060,'Nathan','Wilson',TO_DATE('1980-02-10', 'yyyy-mm-dd'),1,'Upravnik'); 
INSERT INTO RADNIK (SIFRA_RAD,JMBG_RAD,IME_RAD,PREZ_RAD, DAT_RODJ_RAD, ID_SS, ZAN) VALUES (101,7932201075367,'Jillian','Good',TO_DATE('1966-04-14', 'yyyy-mm-dd'),1,'Upravnik'); 
INSERT INTO RADNIK (SIFRA_RAD,JMBG_RAD,IME_RAD,PREZ_RAD, DAT_RODJ_RAD, ID_SS, ZAN) VALUES (102,9066181689500,'Bruno','Estes',TO_DATE('1979-10-15', 'yyyy-mm-dd'),1,'Upravnik'); 
INSERT INTO RADNIK (SIFRA_RAD,JMBG_RAD,IME_RAD,PREZ_RAD, DAT_RODJ_RAD, ID_SS, ZAN) VALUES (103,5587988261599,'Zachery','Henry',TO_DATE('1971-08-01', 'yyyy-mm-dd'),1,'Upravnik'); 
INSERT INTO RADNIK (SIFRA_RAD,JMBG_RAD,IME_RAD,PREZ_RAD, DAT_RODJ_RAD, ID_SS, ZAN) VALUES (104,3713701287750,'Rahim','Oneal',TO_DATE('1982-06-09', 'yyyy-mm-dd'),1,'RadnikuSZUK'); 
INSERT INTO RADNIK (SIFRA_RAD,JMBG_RAD,IME_RAD,PREZ_RAD, DAT_RODJ_RAD, ID_SS, ZAN) VALUES (105,9205912005156,'Gregory','Kennedy',TO_DATE('1984-05-09', 'yyyy-mm-dd'),1,'RadnikuSZUK'); 
INSERT INTO RADNIK (SIFRA_RAD,JMBG_RAD,IME_RAD,PREZ_RAD, DAT_RODJ_RAD, ID_SS, ZAN) VALUES (106,6996426872909,'Zachary','Spears',TO_DATE('1970-10-07', 'yyyy-mm-dd'),1,'RadnikuSZUK'); 
INSERT INTO RADNIK (SIFRA_RAD,JMBG_RAD,IME_RAD,PREZ_RAD, DAT_RODJ_RAD, ID_SS, ZAN) VALUES (107,8022747778799,'Fallon','Jarvis',TO_DATE('1977-01-28', 'yyyy-mm-dd'),1,'RadnikuSZUK'); 
INSERT INTO RADNIK (SIFRA_RAD,JMBG_RAD,IME_RAD,PREZ_RAD, DAT_RODJ_RAD, ID_SS, ZAN) VALUES (108,2793672071304,'Ila','Fox',TO_DATE('1981-08-19', 'yyyy-mm-dd'),1,'RadnikuSZUK'); 
INSERT INTO RADNIK (SIFRA_RAD,JMBG_RAD,IME_RAD,PREZ_RAD, DAT_RODJ_RAD, ID_SS, ZAN) VALUES (109,9576295901089,'Tyrone','Calderon',TO_DATE('1982-08-02', 'yyyy-mm-dd'),1,'RadnikuSZUK'); 
INSERT INTO RADNIK (SIFRA_RAD,JMBG_RAD,IME_RAD,PREZ_RAD, DAT_RODJ_RAD, ID_SS, ZAN) VALUES (110,5153641421347,'Tarik','Glover',TO_DATE('1975-10-15', 'yyyy-mm-dd'),1,'RadnikuSZUK'); 
INSERT INTO RADNIK (SIFRA_RAD,JMBG_RAD,IME_RAD,PREZ_RAD, DAT_RODJ_RAD, ID_SS, ZAN) VALUES (111,6828554149717,'Jason','Stewart',TO_DATE('1983-11-23', 'yyyy-mm-dd'),1,'RadnikuSZUK'); 
INSERT INTO RADNIK (SIFRA_RAD,JMBG_RAD,IME_RAD,PREZ_RAD, DAT_RODJ_RAD, ID_SS, ZAN) VALUES (112,1223712048493,'Leigh','Chandler',TO_DATE('1973-09-20', 'yyyy-mm-dd'),1,'RadnikuSZUK'); 
INSERT INTO RADNIK (SIFRA_RAD,JMBG_RAD,IME_RAD,PREZ_RAD, DAT_RODJ_RAD, ID_SS, ZAN) VALUES (113,1226289152633,'Ezra','Turner',TO_DATE('1975-06-16', 'yyyy-mm-dd'),1,'RadnikuSZUK');

INSERT INTO UPRAVNIK (SIFRA_RAD) VALUES (100);
INSERT INTO UPRAVNIK (SIFRA_RAD) VALUES (101);
INSERT INTO UPRAVNIK (SIFRA_RAD) VALUES (102);
INSERT INTO UPRAVNIK (SIFRA_RAD) VALUES (103);

INSERT INTO RADNIK_U_SZUK (SIFRA_RAD) VALUES (104);
INSERT INTO RADNIK_U_SZUK (SIFRA_RAD) VALUES (105);
INSERT INTO RADNIK_U_SZUK (SIFRA_RAD) VALUES (106);
INSERT INTO RADNIK_U_SZUK (SIFRA_RAD) VALUES (107);
INSERT INTO RADNIK_U_SZUK (SIFRA_RAD) VALUES (108);
INSERT INTO RADNIK_U_SZUK (SIFRA_RAD) VALUES (109);
INSERT INTO RADNIK_U_SZUK (SIFRA_RAD) VALUES (110);
INSERT INTO RADNIK_U_SZUK (SIFRA_RAD) VALUES (111);
INSERT INTO RADNIK_U_SZUK (SIFRA_RAD) VALUES (112);
INSERT INTO RADNIK_U_SZUK (SIFRA_RAD) VALUES (113);

INSERT INTO KATEGORIJA (ID_KAT, TIP_KAT) VALUES (1,'Po redovnoj ceni');
INSERT INTO KATEGORIJA (ID_KAT, TIP_KAT) VALUES (2,'Po ekonomskoj ceni');

INSERT INTO UPLATA (ID_UPL, DAT_IZD_UPL, IZNOS_UPL, SIFRA_RAD_U_SZUK, KATE_ID_KAT) VALUES (1,TO_DATE('2021-01-19', 'yyyy-mm-dd'), 1860, 104, 1);
INSERT INTO UPLATA (ID_UPL, DAT_IZD_UPL, IZNOS_UPL, SIFRA_RAD_U_SZUK, KATE_ID_KAT) VALUES (2,TO_DATE('2021-01-20', 'yyyy-mm-dd'), 1860, 104, 1);
INSERT INTO UPLATA (ID_UPL, DAT_IZD_UPL, IZNOS_UPL, SIFRA_RAD_U_SZUK, KATE_ID_KAT) VALUES (3,TO_DATE('2021-01-21', 'yyyy-mm-dd'), 10760, 105, 2);
INSERT INTO UPLATA (ID_UPL, DAT_IZD_UPL, IZNOS_UPL, SIFRA_RAD_U_SZUK, KATE_ID_KAT) VALUES (4,TO_DATE('2021-01-19', 'yyyy-mm-dd'), 10760, 104, 2);
INSERT INTO UPLATA (ID_UPL, DAT_IZD_UPL, IZNOS_UPL, SIFRA_RAD_U_SZUK, KATE_ID_KAT) VALUES (5,TO_DATE('2021-01-09', 'yyyy-mm-dd'), 1860, 106, 1);
INSERT INTO UPLATA (ID_UPL, DAT_IZD_UPL, IZNOS_UPL, SIFRA_RAD_U_SZUK, KATE_ID_KAT) VALUES (6,TO_DATE('2021-01-19', 'yyyy-mm-dd'), 10760, 105, 2);
INSERT INTO UPLATA (ID_UPL, DAT_IZD_UPL, IZNOS_UPL, SIFRA_RAD_U_SZUK, KATE_ID_KAT) VALUES (7,TO_DATE('2021-01-20', 'yyyy-mm-dd'), 10760, 106, 2);
INSERT INTO UPLATA (ID_UPL, DAT_IZD_UPL, IZNOS_UPL, SIFRA_RAD_U_SZUK, KATE_ID_KAT) VALUES (8,TO_DATE('2021-01-21', 'yyyy-mm-dd'), 1860, 105, 1);
INSERT INTO UPLATA (ID_UPL, DAT_IZD_UPL, IZNOS_UPL, SIFRA_RAD_U_SZUK, KATE_ID_KAT) VALUES (9,TO_DATE('2021-01-19', 'yyyy-mm-dd'), 1860, 104, 1);
INSERT INTO UPLATA (ID_UPL, DAT_IZD_UPL, IZNOS_UPL, SIFRA_RAD_U_SZUK, KATE_ID_KAT) VALUES (10,TO_DATE('2021-01-20', 'yyyy-mm-dd'), 10760, 105, 2);

	
INSERT INTO CENOVNIK (DAT_PV, DAT_ZV, CENA_KAT, KATEGORIJA_ID_KAT) VALUES (TO_DATE('2019-12-21', 'yyyy-mm-dd'),TO_DATE('2020-12-21', 'yyyy-mm-dd'),1860,1);
INSERT INTO CENOVNIK (DAT_PV, DAT_ZV, CENA_KAT, KATEGORIJA_ID_KAT) VALUES (TO_DATE('2019-12-22', 'yyyy-mm-dd'),TO_DATE('2020-12-22', 'yyyy-mm-dd'),10760,2);
INSERT INTO CENOVNIK (DAT_PV, DAT_ZV, CENA_KAT, KATEGORIJA_ID_KAT) VALUES (TO_DATE('2020-11-22', 'yyyy-mm-dd'),TO_DATE('2021-11-22', 'yyyy-mm-dd'),1860,1);
INSERT INTO CENOVNIK (DAT_PV, DAT_ZV, CENA_KAT, KATEGORIJA_ID_KAT) VALUES (TO_DATE('2020-11-23', 'yyyy-mm-dd'),TO_DATE('2021-11-23', 'yyyy-mm-dd'),10760,2);


INSERT INTO KONKURS (ID_KON,DAT_KON,ID_SS) VALUES (1,TO_DATE('2020-09-10', 'yyyy-mm-dd'), 1);



INSERT INTO STUDENTSKIDOM (ID_SD,NAZIV_SD,SLUZBASMESTAJA_ID_SS) VALUES (1,'Zivojin Culum',1);
INSERT INTO STUDENTSKIDOM (ID_SD,NAZIV_SD,SLUZBASMESTAJA_ID_SS) VALUES (2,'Nikola Tesla',1);
INSERT INTO STUDENTSKIDOM (ID_SD,NAZIV_SD,SLUZBASMESTAJA_ID_SS) VALUES (3,'Car Lazar',1);
INSERT INTO STUDENTSKIDOM (ID_SD,NAZIV_SD,SLUZBASMESTAJA_ID_SS) VALUES (4,'Klara Fejes',1);
INSERT INTO STUDENTSKIDOM (ID_SD,NAZIV_SD,SLUZBASMESTAJA_ID_SS) VALUES (5,'Slobodan Bajic',1);

	
INSERT INTO UPRAVLJA (SIFRA_UPRAVNIKA, STUDENTSKIDOM_ID_SD) VALUES (100,1);
INSERT INTO UPRAVLJA (SIFRA_UPRAVNIKA, STUDENTSKIDOM_ID_SD) VALUES (101,3);
INSERT INTO UPRAVLJA (SIFRA_UPRAVNIKA, STUDENTSKIDOM_ID_SD) VALUES (102,4);
INSERT INTO UPRAVLJA (SIFRA_UPRAVNIKA, STUDENTSKIDOM_ID_SD) VALUES (103,5);

INSERT INTO FAKULTET (ID_FAK, NAZ_FAK) VALUES (1, 'FTN');
INSERT INTO FAKULTET (ID_FAK, NAZ_FAK) VALUES (2, 'PMF');
INSERT INTO FAKULTET (ID_FAK, NAZ_FAK) VALUES (3, 'Poljoprivredni');
INSERT INTO FAKULTET (ID_FAK, NAZ_FAK) VALUES (4, 'Ekonomski');
INSERT INTO FAKULTET (ID_FAK, NAZ_FAK) VALUES (5, 'Pravni');

INSERT INTO UCESTVOVANJE (KONKURS_ID_KON,FAKULTET_ID_FAK) VALUES (1,1);
INSERT INTO UCESTVOVANJE (KONKURS_ID_KON,FAKULTET_ID_FAK) VALUES (1,2);
INSERT INTO UCESTVOVANJE (KONKURS_ID_KON,FAKULTET_ID_FAK) VALUES (1,3);
INSERT INTO UCESTVOVANJE (KONKURS_ID_KON,FAKULTET_ID_FAK) VALUES (1,4);
INSERT INTO UCESTVOVANJE (KONKURS_ID_KON,FAKULTET_ID_FAK) VALUES (1,5);


INSERT INTO SMER (SIFRA_SMERA, NAZ_SMERA, FAK_ID_FAK) VALUES (1,'E1', 1);
INSERT INTO SMER (SIFRA_SMERA, NAZ_SMERA, FAK_ID_FAK) VALUES (2,'E2', 1);
INSERT INTO SMER (SIFRA_SMERA, NAZ_SMERA, FAK_ID_FAK) VALUES (3,'E3', 1);
INSERT INTO SMER (SIFRA_SMERA, NAZ_SMERA, FAK_ID_FAK) VALUES (4,'Voćarstvo', 3);
INSERT INTO SMER (SIFRA_SMERA, NAZ_SMERA, FAK_ID_FAK) VALUES (5,'Povrtarstvo', 3);
INSERT INTO SMER (SIFRA_SMERA, NAZ_SMERA, FAK_ID_FAK) VALUES (6,'IT', 2);
INSERT INTO SMER (SIFRA_SMERA, NAZ_SMERA, FAK_ID_FAK) VALUES (7,'Hemija', 2);
INSERT INTO SMER (SIFRA_SMERA, NAZ_SMERA, FAK_ID_FAK) VALUES (8,'Geografija', 2);

INSERT INTO SOBA (ID_SOBE,SPRAT_SOBE,ID_SD) VALUES (1,'prvi',1);
INSERT INTO SOBA (ID_SOBE,SPRAT_SOBE,ID_SD) VALUES (2,'drugi',1);
INSERT INTO SOBA (ID_SOBE,SPRAT_SOBE,ID_SD) VALUES (3,'treci',1);
INSERT INTO SOBA (ID_SOBE,SPRAT_SOBE,ID_SD) VALUES (4,'cetvrti',2);

INSERT INTO DRZAVA (ID_DRZAVE, NAZ_DRZAVE) VALUES (1,'Srbija');
INSERT INTO DRZAVA (ID_DRZAVE, NAZ_DRZAVE) VALUES (2,'Makedonija');
INSERT INTO DRZAVA (ID_DRZAVE, NAZ_DRZAVE) VALUES (3,'Crna Gora');
INSERT INTO DRZAVA (ID_DRZAVE, NAZ_DRZAVE) VALUES (4,'Nemacka');
INSERT INTO DRZAVA (ID_DRZAVE, NAZ_DRZAVE) VALUES (5,'Rumunija');
INSERT INTO DRZAVA (ID_DRZAVE, NAZ_DRZAVE) VALUES (6,'BIH');
	

INSERT INTO GRAD (ID_GRADA,NAZ_GRADA,DRZAVA_ID_DRZAVE) VALUES (1,'Novi Sad',1);
INSERT INTO GRAD (ID_GRADA,NAZ_GRADA,DRZAVA_ID_DRZAVE) VALUES (2,'Sabac',1);
INSERT INTO GRAD (ID_GRADA,NAZ_GRADA,DRZAVA_ID_DRZAVE) VALUES (3,'Skoplje',2);
INSERT INTO GRAD (ID_GRADA,NAZ_GRADA,DRZAVA_ID_DRZAVE) VALUES (4,'Kumanovo',2);
INSERT INTO GRAD (ID_GRADA,NAZ_GRADA,DRZAVA_ID_DRZAVE) VALUES (5,'Podgorica',3);
INSERT INTO GRAD (ID_GRADA,NAZ_GRADA,DRZAVA_ID_DRZAVE) VALUES (6,'Berlin',4);
INSERT INTO GRAD (ID_GRADA,NAZ_GRADA,DRZAVA_ID_DRZAVE) VALUES (7,'Hanover',4);
INSERT INTO GRAD (ID_GRADA,NAZ_GRADA,DRZAVA_ID_DRZAVE) VALUES (8,'Sarajevo',6);

	
INSERT INTO STUDENT (JMBG_STUD,IME_STUD,PREZ_STUD,DAT_RODJ_STUD,BR_IND,GOD_UPISA,STATUS_STUD,SMER_SIFRA_SMERA,SMER_FAKULTET_ID_FAK,ID_GRADA_MS,ID_GRADA_MR,ID_DRZAVE_MS,ID_DRZAVE_MR,KATEGORIJA_ID_KAT,UPLATA_ID_UPL)
VALUES (2170346708036,'Benedict','Phillips',TO_DATE('1992-06-13', 'yyyy-mm-dd'),'F1M 5G2',2014,'budzetski',4,3,1,1,1,1,1,1);

INSERT INTO STUDENT (JMBG_STUD,IME_STUD,PREZ_STUD,DAT_RODJ_STUD,BR_IND,GOD_UPISA,STATUS_STUD,SMER_SIFRA_SMERA,SMER_FAKULTET_ID_FAK,ID_GRADA_MS,ID_GRADA_MR,ID_DRZAVE_MS,ID_DRZAVE_MR,KATEGORIJA_ID_KAT,UPLATA_ID_UPL)
VALUES (1150346708036,'Milan','Milanovski',TO_DATE('1993-07-03', 'yyyy-mm-dd'),'F1M 5R2',2015,'budzetski',4,3,3,3,2,2,1,2);

INSERT INTO STUDENT (JMBG_STUD,IME_STUD,PREZ_STUD,DAT_RODJ_STUD,BR_IND,GOD_UPISA,STATUS_STUD,SMER_SIFRA_SMERA,SMER_FAKULTET_ID_FAK,ID_GRADA_MS,ID_GRADA_MR,ID_DRZAVE_MS,ID_DRZAVE_MR,KATEGORIJA_ID_KAT,UPLATA_ID_UPL)
VALUES (2170346708796,'Marko','Zlokovic',TO_DATE('1994-10-19', 'yyyy-mm-dd'),'RA 100/2016',2016,'budzetski',2,1,2,2,1,1,1,5);

INSERT INTO STUDENT (JMBG_STUD,IME_STUD,PREZ_STUD,DAT_RODJ_STUD,BR_IND,GOD_UPISA,STATUS_STUD,SMER_SIFRA_SMERA,SMER_FAKULTET_ID_FAK,ID_GRADA_MS,ID_GRADA_MR,ID_DRZAVE_MS,ID_DRZAVE_MR,KATEGORIJA_ID_KAT,UPLATA_ID_UPL)
VALUES (2170306708996,'Ana','Maric',TO_DATE('1998-12-19', 'yyyy-mm-dd'),'EE 16/2017',2017,'samofinansirajuci',1,1,5,5,3,3,2,3);

 
INSERT INTO STUDENT (JMBG_STUD,IME_STUD,PREZ_STUD,DAT_RODJ_STUD,BR_IND,GOD_UPISA,STATUS_STUD,SMER_SIFRA_SMERA,SMER_FAKULTET_ID_FAK,ID_GRADA_MS,ID_GRADA_MR,ID_DRZAVE_MS,ID_DRZAVE_MR,KATEGORIJA_ID_KAT,UPLATA_ID_UPL)
VALUES (2170306708981,'Mina','Minic',TO_DATE('1997-02-09', 'yyyy-mm-dd'),'PR 16/2016',2016,'samofinansirajuci',3,1,6,6,4,4,2,4);


INSERT INTO STUDENT (JMBG_STUD,IME_STUD,PREZ_STUD,DAT_RODJ_STUD,BR_IND,GOD_UPISA,STATUS_STUD,SMER_SIFRA_SMERA,SMER_FAKULTET_ID_FAK,ID_GRADA_MS,ID_GRADA_MR,ID_DRZAVE_MS,ID_DRZAVE_MR,KATEGORIJA_ID_KAT,UPLATA_ID_UPL)
VALUES (2170306708955,'Igor','Igic',TO_DATE('1997-02-09', 'yyyy-mm-dd'),'PO 16/2016',2016,'samofinansirajuci',4,3,7,7,4,4,2,6);

INSERT INTO STUDENT (JMBG_STUD,IME_STUD,PREZ_STUD,DAT_RODJ_STUD,BR_IND,GOD_UPISA,STATUS_STUD,SMER_SIFRA_SMERA,SMER_FAKULTET_ID_FAK,ID_GRADA_MS,ID_GRADA_MR,ID_DRZAVE_MS,ID_DRZAVE_MR,KATEGORIJA_ID_KAT,UPLATA_ID_UPL)
VALUES (2170346708955,'Rade','Radic',TO_DATE('1998-07-03', 'yyyy-mm-dd'),'IT 16/2017',2017,'samofinansirajuci',6,2,8,8,6,6,2,7);

INSERT INTO STUDENT (JMBG_STUD,IME_STUD,PREZ_STUD,DAT_RODJ_STUD,BR_IND,GOD_UPISA,STATUS_STUD,SMER_SIFRA_SMERA,SMER_FAKULTET_ID_FAK,ID_GRADA_MS,ID_GRADA_MR,ID_DRZAVE_MS,ID_DRZAVE_MR,KATEGORIJA_ID_KAT,UPLATA_ID_UPL)
VALUES (2170306708525,'Sasa','Lukic',TO_DATE('1999-05-15', 'yyyy-mm-dd'),'HE 16/2018',2018,'budzetski',7,2,7,7,4,4,1,8);

INSERT INTO STUDENT (JMBG_STUD,IME_STUD,PREZ_STUD,DAT_RODJ_STUD,BR_IND,GOD_UPISA,STATUS_STUD,SMER_SIFRA_SMERA,SMER_FAKULTET_ID_FAK,ID_GRADA_MS,ID_GRADA_MR,ID_DRZAVE_MS,ID_DRZAVE_MR,KATEGORIJA_ID_KAT,UPLATA_ID_UPL)
VALUES (2170306137525,'Klara','Masic',TO_DATE('2000-04-19', 'yyyy-mm-dd'),'GE 16/2020',2020,'budzetski',8,2,4,4,2,2,1,9);




INSERT INTO STUDIRANJE (FAK_ID_FAK,JMBG_STUDENT,SOB_ID_SOBE) VALUES (1,2170346708796,1);
INSERT INTO STUDIRANJE (FAK_ID_FAK,JMBG_STUDENT,SOB_ID_SOBE) VALUES (2,2170306137525,2);
INSERT INTO STUDIRANJE (FAK_ID_FAK,JMBG_STUDENT,SOB_ID_SOBE) VALUES (2,2170306708525,3);
INSERT INTO STUDIRANJE (FAK_ID_FAK,JMBG_STUDENT,SOB_ID_SOBE) VALUES (2,2170306708981,4);















